epoch,train_loss,val_mse,val_mae
1,0.02124689245121815,0.03027035917236759,0.03291395097234511
2,0.006897178337169855,0.026169723715788924,0.043608748379979065
3,0.006198145538949066,0.024842212950438956,0.0436678309195342
4,0.006113796137620152,0.02417212490468381,0.032261024428995484
5,0.006530815833195992,0.02528435579513888,0.03172093726712106
6,0.007044158381288114,0.030785950825430494,0.029271066705075597
7,0.0072889783554682085,0.030590722682655627,0.029229976829743577
