epoch,train_loss,val_mse,val_mae
1,0.010204217333752656,0.02788095458908024,0.02926365009996383
2,0.006679120210673316,0.027610674308865598,0.02913714193733836
3,0.006885027893994605,0.028407684985777823,0.02919467004535829
